LATITUD,LONGITUD,INTENSIDAD,CLASIFICACION ,TITULO DE LA NOTA 
25.81529425,-100.6123031,1,Homicidios,"Mata a su hermano a cuchilladas
"
25.79678757,-100.6030922,1,Homicidios,"Ejecutan a dos hombres en García
"
25.67224421,-100.1782223,0.6,Otros,"Vecinos desatan riña; pelean con piedras, bloques y atropellan, en Guadalupe
"
25.77822289,-100.235365,1,Homicidios,Ejecutan a hombre en Apodaca
25.77257412,-100.0265294,1,Homicidios,Torturan y ejecutan a hombre en Pesquería
25.80287293,-100.101336,0.8,Enfrentamientos vs autoridades,Atacan a convoy de Seguridad Pública
25.62678864,-100.1578416,0.6,Hallazgos,"Realizan detención y descubren ejecución
"
25.89257459,-100.1731057,1,Homicidios,"Lo ejecutan en su casa
"
25.91612271,-100.1810011,1,Homicidios,"Asesinan a otro más
"
25.68686864,-100.1153603,1,Homicidios,"Ejecutan a dos hombres en el Fraccionamiento Los Puertos
"
25.79440554,-100.5630785,1,Homicidios,"Matan a hombre dentro de vivienda en García
"
25.68686665,-100.4274015,0.6,Atentados,"Deja ataque a balazos dos lesionados
"
25.72473339,-100.2719232,0.6,Atentados,"Intentan ejecutar a joven
"
25.76059744,-100.1605192,0.6,Hallazgos,Decomisan arsenal y droga tras cateos en Apodaca
25.71162917,-99.24417718,0.8,Detenciones,"Aprehenden a tres con drogas y equipo táctico
"
25.35949795,-99.983755,1,Homicidios,"Asesinan a balazos a un joven en Allende
"
25.68574564,-100.2221845,0.6,Atentados Vs Negocios ,"Roba en negocio y realiza tocamientos
"
25.67445595,-100.3738562,1,Homicidios,"Ejecutan a hombre en límites de Monterrey y San Pedro
"
25.78736786,-100.3295216,1,Homicidios,"Matan a mujer a balazos en Escobedo
"
25.62108753,-100.0471964,0.8,Enfrentamientos vs autoridades,"Resulta adolescente herido tras enfrentamiento
"
26.53428971,-100.5064336,0.8,Detenciones,"Caen con ponchallantas en Bustamante
"
25.68235623,-100.4292641,0.6,Atentados,"Queda grave mujer tras disparo en la cabeza
"
25.61692016,-100.1605311,1,Homicidios,Balean a colombiano en Juárez
25.64081136,-100.2729609,0.6,Otros,"Despojan de 160 mil pesos a mujer afuera de banco en Monterrey
"
24.10666535,-99.81778404,0.8,Enfrentamientos vs autoridades,Ataque armado en la comandancia de policía de Aramberri
25.65148261,-100.3121963,0.6,Atentados Vs Negocios ,"Reportan ataque a balazos: hay tres lesionados
"
24.88218691,-99.5506955,0.6,Hallazgos,"Encuentran a hombre sin vida en brecha
"
24.86876015,-99.5538947,0.8,Enfrentamientos vs autoridades,"Asesinan en ataque a un policía de barrio
"
25.8122131,-100.40772,1,Homicidios,"Ejecutan a hombre durante pelea de gallos clandestina, en Escobedo
"
25.68965777,-100.1191117,0.6,Hallazgos,"Encuentran cuerpo calcinado y en estado de descomposición, en Juárez
"
25.78589267,-100.4068288,1,Homicidios,"Deja ataque a una persona sin vida
"
25.76054275,-100.2394196,0.6,Hallazgos,"Hallan a dos ejecutados en Apodaca
"
24.9537685,-100.4605909,0.6,Hallazgos,Decomisan arsenal al sur de NL
25.70614244,-99.2431568,0.8,Detenciones,"Cae generador de violencia tras ataque
"
25.8242205,-100.1192594,0.8,Detenciones,"Aprehenden a presuntos asesinos
"
25.64432601,-100.1056511,0.6,Hallazgos,"Matan a balazos a mujer en Juárez
"
25.76663393, -100.23790909671285 25.57394720449358,0.6,Hallazgos,"Localizan restos humanos en Apodaca y Juárez
"
24.53516993,-99.8297885,0.8,Detenciones,"Detienen a 27 tras operativos al sur de NL
"
25.83664453,-100.3675972,1,Homicidios,"Ejecutan a hombre al subir a su camioneta
"
25.75458612,-100.2459698,0.6,Hallazgos,"Catean taller mecánico en San Nicolás
"
23.67771776,-100.1842669,0.6,Hallazgos,"Descubren 2 cadáveres sepultados en Dr. Arroyo
"
25.76209721,-100.3220675,0.8,Detenciones,"Cae presunto generador de violencia
"
25.87623522,-100.1182266,0.6,Hallazgos,"Ejecutan a hombre frente a su domicilio en Zuazua
"
25.79774313,-100.3110376,0.6,Hallazgos,"Investigan hallazgo de pareja sin vida en Escobedo
"
25.80176459,-100.5644059,1,Homicidios,"Lo asesinan y tiran su cuerpo emplayado
"
25.5949503,-100.0062174,0.6,Hallazgos,"Hallan muerto a taxista que estaba desaparecido
"
26.53390576,-100.5036012,0.6,Otros,"Decomisan arsenal en Bustamante
"
25.67523017,-100.3139488,0.8,Detenciones,"Detenidos por robo a negocio
"
25.60112431,-100.0775262,0.6,Hallazgos,Descubren cadáver maniatado
25.85904107,-100.0212421,1,Homicidios,"Investigan muerte de maestra de un balazo
"
25.82728661,-100.5981919,1,Homicidios,"Asesinan a joven y a su madre en García
"
25.72678747,-100.270536,0.8,Detenciones,"Capturan a presuntos generadores de violencia
"
25.81168199,-100.1166714,0.6,Hallazgos,Hallan a hombre asesinado en Pesquería
25.68762338,-100.3601512,0.6,Atentados,"Disparan contra casa en sector San Jerónimo en Monterrey
"
25.68850578,-100.4399517,0.6,Atentados,"Balean a motociclista en Santa Catarina
"
25.67372022,-100.3156575,0.6,Atentados,"Ataque a balazos en Colegio Civil deja 3 personas heridas
"
25.92508438,-100.1854294,1,Homicidios,"Asesinan a balazos a dos pepenadores en Ciénega de Flores
"
25.68808047,-100.285011,1,Homicidios,Pierde la vida tras ser atacado en su camioneta
25.77738682,-100.2279377,0.6,Hallazgos,"Hallan restos humanos en lote baldío de Apodaca
"
25.67489649,-100.3173755,0.8,Detenciones,Detienen a hombre por el delito de narcomenudeo en el centro de Monterrey
25.90993508,-100.1724974,0.6,Hallazgos,Decomisan arsenal hallado dentro de auto abandonado en Zuazua
25.92140439,-100.1577884,0.6,Atentados,Atentan contra secretario de Seguridad de Ciénega
25.85472261,-100.3779039,0.6,Atentados,Balean a hombre en El Carmen; muere en hospital
25.67634394,-100.4893045,1,Homicidios,"Ejecutan a hombre en Santa Catarina
"
25.724016,-100.221687,0.6,Otros,Dan prisión preventiva a un hombre por robos violentos en San Nicolás
25.71953035,-100.2601875,0.6,Atentados,"Hombre lesionado en ataque armado en San Nicolás
"
25.81333853,-100.1065758,0.8,Detenciones,"Detienen a hombre acusado de homicidios en Pesquería
"
25.67571346, -100.39021283811826     25.672356017339094,0.8,Detenciones,"Arrestan a dos hombres en diferentes cateos realizados en San Pedro, NL
"
25.69108098,-100.456919,1,Homicidios,"Ejecutan a mujer de al menos ocho tiros en calles de Santa Catarina
"
25.79439061,-100.2565446,1,Homicidios,"Ejecutan a dos hermanos en la Colonia Valle de Apodaca
"
25.82529478,-100.6013386,0.8,Enfrentamientos vs autoridades,"Muere agente ministerial durante rescate de un comerciante secuestrado en García
"
25.67786432,-100.365928,1,Homicidios,"Asesinan a menor en su auto en San Jerónimo
"
25.63984951,-100.2676186,1,Homicidios,"Ejecutan a conductor de auto
"
24.90027333,-99.5438764,1,Homicidios,"Va a la tienda; lo matan a balazos
"
25.89276609,-98.99146461,0.8,Detenciones,"Detienen a sujeto con arma de fuego
"
25.82529478,-100.6013386,0.6,Otros,"Realizan cateos por caso de muerte de ministerial
"
25.80006522,-100.3182566,0.6,Atentados,"Balean a empleado de barbería
"
25.65511824,-100.3152817,1,Homicidios,Matan a hombre afuera de la casa de su mamá
25.69048629,-100.4178783,0.6,Atentados,"Ataque a balazos deja un muerto y un herido en Santa Catarina
"
26.65962693,-99.98666904,0.6,Hallazgos,Hallan un ejecutado en Vallecillo
25.741645,-100.163706,0.6,Atentados Vs Negocios ,"Logran asaltantes botín de 350 mil pesos
"
25.77438295,-100.2654995,1,Homicidios,"Ejecutan a un hombre en Apodaca
"
25.74083646,-100.3568747,0.8,Detenciones,"Cae presunto narco buscado en México y EU
"
25.74956679,-100.3436561,1,Homicidios,"Asesinan a motociclista en Monterrey
"
25.70561693,-100.3597526,0.6,Atentados,"Balean a dos hombres en Santa Catarina
"
25.73594144,-100.3299562,1,Homicidios,"Matan a hombre en mercado rodante
"
25.6451385,-100.2088348,1,Homicidios,"Ejecutan a menor durante fiesta en Guadalupe
"
25.9395711,-100.3483719,0.8,Detenciones,"Capturan a par de sicarios
"
25.97518713,-100.4607007,0.8,Detenciones,"Capturan a 8 miembros de grupo delictivo
"
25.58212822,-100.2436319,1,Homicidios,"Persiguen y ejecutan a empleado de ferretería
"
25.66822341,-97.81629901,1,Secuestro,"Secuestran a hombre y balean a mujer que buscó frustrar
"
25.78079419,-100.3212039,1,Homicidios,"Ejecutan a balazos a un hombre en Escobedo
"
25.68099784,-100.4625378,1,Homicidios,"Matan a balazos a un joven en la colonia Centro de Santa Catarina
"
25.70114267,-100.3560611,0.6,Hallazgos,"Hallan dos granadas de fragmentación
"
25.69985634,-100.1893982,0.6,Atentados,"Balean vivienda en Juárez
"
24.56801616,-100.2365599,0.6,Hallazgos,"Hallan restos humanos en Galeana, Nuevo León
"
25.79506371,-99.17699974,0.8,Enfrentamientos vs autoridades,"Abate FC a 5 en General Bravo
"
25.82507035,-100.1185727,0.6,Hallazgos,"Encuentran a dos hombres asesinados a golpes en Pesquería
"
25.91571474,-100.1887192,0.6,Hallazgos,"Hallan cuerpo al interior de una vivienda en Ciénega de Flores
"
25.72730057,-100.3262079,0.6,Hallazgos,"Hallan cuerpo calcinado en incendio en baldío
"
25.71962524,-100.2533747,1,Homicidios,"Matan a balazos a cliente de barbería
"
25.76707619,-100.3625441,0.6,Atentados,"Deja ataque un muerto y un herido al norte de Monterrey
"
25.88785674,-100.2663872,0.6,Hallazgos,"Catean predio en Salinas Victoria; hallan restos de dos personas
"
25.67524227,-100.0827844,0.6,Atentados,"Atacan domicilio en Juárez, mueren 3 y hieren a una mujer
"
25.69717019,-100.4614964,0.6,Atentados,"Asesinan a uno y lesionan a dos tras ataque en Santa Catarina
"
24.85649338,-99.54628048,0.8,Detenciones,"Capturan a un hombre que conducía armado en Linares
"
25.76880419,-100.3794479,1,Homicidios,"Ejecutan a 2 hombres desde una camioneta
"
25.65461167,-100.1624551,0.8,Detenciones,"Caen dos con cuatro armas y droga en Guadalupe
"
25.92477054,-99.18243933,0.8,Enfrentamientos vs autoridades,"Abate FC a sicario en Dr. Coss
"
25.67526758,-100.0780275,0.6,Atentados,"Disparan contra vivienda en Juárez
"
25.79179029,-100.4446263,0.6,Hallazgos,"Aseguran narcolaboratorio en García
"
25.73024078,-100.3399775,1,Homicidios,"Ejecutan a hombre en la Ferrocarrilera
"
25.69338692,-100.0891909,0.8,Detenciones,Caen con armas de fuego y droga
25.79397662,-100.4881023,0.6,Hallazgos,"Descubren un ejecutado en García
"
25.85571162,-100.140917,0.8,Detenciones,Utilizan helicóptero para detener a 3 asaltantes
25.69413728,-100.4888789,0.6,Hallazgos,"Descubren 3 cadáveres en tejabán
"
25.7717375,-100.368043,1,Homicidios,"Ejecutan a hombre afuera de su casa en Monterrey
"
25.38970834,-100.1206122,0.6,Otros,"Se llevan asaltantes caja fuerte con 2.2 mdp
"
25.79611795,-100.4257841,0.6,Hallazgos,Encuentran a ejecutado sobre el Libramiento Noroeste
25.69316836,-100.1703988,0.8,Enfrentamientos vs autoridades,"Deja enfrentamiento armado en motel a delincuente herido.
"
25.79793612,-100.4331783,1,Homicidios,Ejecutan a un “levantado” y lo abandonan en callejón
25.72800481,-100.1421128,1,Homicidios,Entran a casa y ejecutan a hombre en Apodaca
25.62103578,-100.268418,0.6,Atentados,"Disparan contra hombre y muere camino al hospital
"
25.91463819,-100.1638922,0.8,Detenciones,"Arrestan a pareja con drogas en Zuazua
"
25.91851675,-100.243573,0.6,Otros,"Arman riña campal en Salinas
"
25.76866755,-100.4279768,1,Homicidios,"Ejecutan a conductor de auto
"
25.69047461,-100.4189788,1,Homicidios,"Matan a balazos a sujeto en SC
"
25.76183949,-100.3820447,0.8,Detenciones,"Aprehenden a pareja con granada de fragmentación
"
25.66770697,-100.224748,0.8,Detenciones,"Utiliza ""pato"" policiaco; lo detienen
"
25.80961881,-100.3718939,0.8,Enfrentamientos vs autoridades,Atacan a policías con bomba molotov
25.69111665,-100.4165627,0.6,Hallazgos,"Encuentran dos ejecutados en SC
"
25.79681822,-100.3197041,1,Secuestro,Rescatan a secuestrado en Escobedo
24.85502979,-99.55794969,0.6,Atentados,Acribillan casa en Linares
25.70603475,-100.084757,0.6,Hallazgos,"Hallan cuerpo envuelto en una lona, en terreno baldío de Pesquería
"
25.68892327,-100.3518273,0.6,Atentados,"Balean camioneta desde moto
"
25.75690749,-100.2964398,0.6,Hallazgos,"Encuentran a hombre sin vida en San Nicolás
"
25.69182128,-100.3301317,0.6,Atentados,"Balean con armas largas una casa en Col. 10 de Marzo
"
25.55524238,-100.2328038,0.8,Detenciones,"Caen dos con arma y droga tras persecución
"
25.59902561,-100.0807739,1,Homicidios,"Matan a balazos a un hombre en Cadereyta
"
25.23427721,-99.77115511,0.6,Atentados,"Atacan a abuelo a machetazos
"
25.69120572,-100.499193,1,Homicidios,"Ejecutan a su rival en Santa Catarina
"
25.79438176,-100.5933241,1,Homicidios,"Matan a sujeto en García
"
25.67838156,-100.3993196,0.8,Detenciones,"Cae banda de asaltantes
"
25.81803211,-100.6279241,0.6,Hallazgos,"Hallan restos humanos calcinados
"
25.67825716,-100.113801,0.6,Atentados Vs Negocios ,"Realizan disparos frente a anexo
"
25.64708206,-100.7361338,0.6,Atentados,"Atacan a trailero en la Carretera a Saltillo
"
25.70373489,-100.3320318,1,Homicidios,"Ejecutan a motociclista en Monterrey
"
25.70514691,-100.1021286,1,Homicidios,Entran a vivienda y ejecutan a hombre
25.64321588,-100.1357811,0.6,Atentados,Balean a hombre en Juárez
25.29762765,-100.0293024,1,Homicidios,"Ejecutan a hombre en Allende
"
25.85492435,-100.3153886,1,Homicidios,"Ejecutan a mujer desde motocicleta
"
25.79140532,-100.0475791,0.6,Hallazgos,"Hallan cuerpo calcinado en Pesquería
"
25.79286653,-100.3845308,1,Homicidios,"Entran a casa y asesinan a mujer en Monterrey
"
25.73281229,-100.1757294,0.6,Hallazgos,Hallan a pareja asesinada en una casa en Apodaca
25.7930346,-100.3845107,1,Homicidios,"Entran a casa y asesinan a mujer en Monterrey
"
25.63734843,-100.211375,0.8,Enfrentamientos vs autoridades,"Matan a 2 policías en emboscada
"
25.76350815,-100.2420216,1,Homicidios,"Asesinan a ciclista en Apodaca
"
25.82467709,-100.5871136,0.6,Hallazgos,"Hallan restos humanos en García
"
25.81523838,-100.6178057,0.8,Enfrentamientos vs autoridades,Enfrentamiento armado deja un muerto en García
25.82399463,-100.5889695,1,Homicidios,"Matan a ex policía de San Pedro en García
"
25.78095234,-100.4180375,0.6,Hallazgos,"Encuentran un ejecutado luego de sofocar incendio
"
25.80571104,-100.2671143,1,Homicidios,Asesinan a hombre de varias cuchilladas
25.64206655,-100.1374229,0.6,Hallazgos,"Descubren restos humanos al limpiar terreno en Juárez
"
25.81364696,-99.16955668,0.6,Atentados,Asaltan a familia en la Autopista a Reynosa
25.66901871,-100.2189785,0.6,Atentados,"Atracan vivienda en Guadalupe
"
25.6605704,-100.1310857,0.6,Hallazgos,"Encuentran restos humanos en Juárez
"
25.18820652,-99.84403054,1,Homicidios,"Asesinan a mujer en Montemorelos
"
25.67249909,-100.321849,0.8,Detenciones,"Detienen a cuatro tras cateo a sala de masajes clandestina
"
25.62474615,-100.1663018,0.6,Atentados,"Atacan vivienda a balazos
"
25.18749918,-99.81519745,0.6,Otros,"Arman persecución a balazos
"
25.72340884,-100.2554086,1,Homicidios,"Matan a tiros a un sujeto en San Nicolás
"
25.85318927,-99.96110408,1,Homicidios,Ejecutan a 2 hombres en establo de rancho
25.76954844,-100.3688742,1,Homicidios,"Caen 2 por asesinar a su hermana
"
25.75043521,-100.1121885,0.8,Detenciones,"Agrede a policías y lo detienen
"
25.74863705,-100.2758766,0.8,Enfrentamientos vs autoridades,"Atacan a policías a machetazos
"
25.92492493,-99.18295432,0.6,Hallazgos,"Decapitan a 3 mujeres en Dr. Coss
"
26.02564112,-99.2020432,0.8,Enfrentamientos vs autoridades,"Abate FC a sicario tras ataque en Los Aldamas
"
25.64156813,-100.1192086,1,Homicidios,"Ejecutan a hombre en Juárez
"
25.26384828,-99.99737294,0.8,Enfrentamientos vs autoridades,"Atacan a policías de Allende
"
25.79097496,-100.5518212,0.6,Atentados,"Ejecutan a mujer y dejan a su hermano herido en García
"
25.79851531,-100.5718683,1,Homicidios,"Cenaba en su casa, entran y lo matan a balazos

"
25.69324511,-100.1679008,0.6,Hallazgos,"Hallan cuerpo encobijado en Guadalupe
"
25.65098797,-100.1120184,1,Homicidios,"Deja riña en feria de Juárez un muerto y un herido
"
25.70011232,-99.62719309,0.6,Hallazgos,"Hallan cadáver en pozo de agua en Los Ramones
"
25.70605094,-100.1978702,1,Homicidios,Asesina a esposa frente a su hijo en Guadalupe
25.5913605,-100.2541462,1,Homicidios,"Matan a sujeto en panteón
"
25.70646571,-100.3223636,0.8,Detenciones,"Detienen a tres con arma de fuego y droga
"
25.66024724,-100.2764768,0.6,Hallazgos,"Descubren a conductor con armas de fuego
"
26.20721524,-100.1209386,0.8,Enfrentamientos vs autoridades,Abaten a secuestrador en persecución
25.96175791,-100.2788742,0.8,Enfrentamientos vs autoridades,Matan policías a pistolero en Salinas Victoria
25.68308907,-100.4200898,1,Homicidios,Ejecutan a hombre a balazos en Santa Catarina
25.71317676,-100.3401694,0.8,Enfrentamientos vs autoridades,"Asesina a policía, escapa en su patrulla y lo abaten"
25.79836237,-100.4319119,1,Homicidios,Matan a balazos a pareja en García
25.75507888,-100.1558285,0.8,Detenciones,"
Detienen a otro incendiario
"
25.87719155,-100.2257585,1,Homicidios,"
Asaltan a paisano en Ciénega de Flores
"
25.69033926,-100.4209797,0.6,Atentados,Bajan de auto a hombre y luego lo matan a tiros
25.68529635,-100.2139552,0.6,Hallazgos,Hallan a mujer en estado de descomposición en una casa en Guadalupe
24.85598252,-99.54844262,0.8,Detenciones,Caen 7 generadores de violencia en Linares
25.71227384,-100.3490153,0.6,Atentados,Realizan movilización por amenaza de balacera
24.12025798,-99.82422037,0.8,Enfrentamientos vs autoridades,Balean a dos policías en enfrentamiento
25.72544378,-100.2357546,1,Homicidios,Ejecutan a narcodistribuidor
25.29392937,-100.0298738,0.8,Enfrentamientos vs autoridades,Enfrentamiento deja policía herido en Allende
25.83042492,-100.3710338,0.8,Detenciones,Aprehenden a par de delincuentes
25.65951108,-100.0971044,1,Homicidios,Asesinan a balazos a una pareja en Juárez
25.75879529,-100.4264525,1,Homicidios,"
Ejecutan a vendedor de autos en Cumbres del Sol
"
25.69246901,-100.4494054,0.6,Atentados,Ataque armado deja cuatro hombres heridos en Santa Catarina
25.65882248,-100.3188532,0.8,Enfrentamientos vs autoridades,"
Asesina a 2, lesiona a tránsito y es herido tras intentar huir
"
25.79341739,-100.5591769,1,Homicidios,Lo ejecutan frente a una farmacia en García
25.36125736,-99.87592033,0.8,Enfrentamientos vs autoridades,Deja enfrentamiento en Montemorelos 8 civiles abatidos
25.95403746,-100.1669412,0.6,Hallazgos,Encuentran a hombre sin vida en Allende
25.61729275,-100.1806739,1,Homicidios,Ejecutan a hombre en Juárez
26.21301871,-100.7412895,0.8,Enfrentamientos vs autoridades,Abaten policías a dos sicarios
25.64885266,-100.2171278,1,Homicidios,"
Matan a balazos a narcodistribuidor
"
24.12018068,-99.82423065,0.8,Enfrentamientos vs autoridades,Muere uno de los policías que fueron agredidos en Aramberri
25.63358356,-100.1004217,0.6,Atentados,"
Atacan a sujeto a balazos
"
25.85423301,-100.3890453,1,Homicidios,Ejecutan a hombre en Escobedo
24.86082993,-99.52337744,1,Homicidios,Muere joven tras ser baleado en Linares
25.80186302,-100.2276424,0.6,Hallazgos,Entran a salón de bailoterapia y asaltan a 10 mujeres en Apodaca
25.67357491,-100.0869728,0.8,Detenciones,Capturan a presunta sicaria
25.67668557,-100.3172189,0.6,Atentados,Acuchillan a hombre en barbería
26.14974129,-98.27802888,0.6,Hallazgos,Encuentran cadáver en Carretera a Reynosa
25.76898459,-100.3603548,0.6,Atentados,Balean en la cabeza a un hombre y huyen
24.8565704,-99.54592929,0.6,Atentados,"Ejecutan a joven en calles de La Petaca, en Linares"
25.59108011,-100.0048319,0.8,Enfrentamientos vs autoridades,Enfrentamiento armado deja un abatido en Cadereyta
25.76836671,-100.3316772,0.6,Hallazgos,Hallan en tejaban a tres ejecutados
25.80192456,-100.4093284,1,Homicidios,Matan a balazos a comerciante en Escobedo
25.64186872,-100.3057614,1,Homicidios,Asesinan a dueño de tienda
24.87064834,-99.57981313,0.6,Hallazgos,Descubren cadáver de mujer
25.45308649,-99.99166899,0.6,Hallazgos,Localizan a hombre sin vida maniatado en Cadereyta
25.87747124,-100.1204485,1,Homicidios,Asesinan a dos a balazos en Zuazua
25.66236793,-100.3200966,1,Homicidios,"Ejecutan a dos hombres en negocio de Colonia Independencia
"
25.05203956,-100.3994702,0.6,Hallazgos,"Encuentran a hombre asesinado en Dr. Arroyo
"
24.71507758,-100.0169719,0.6,Hallazgos,"Hallan dos ejecutados en camioneta
"
25.28912016,-100.0121228,1,Homicidios,"Deja ataque armado un muerto en Allende
"
25.79801667,-100.2464735,1,Homicidios,"Ejecutan a hombre en Apodaca
"
25.89409194,-100.2859248,0.6,Hallazgos,"Encuentran cadáver de mujer dentro de bolsas
"
25.66074954,-100.3235941,0.6,Atentados,"Hieren a mujer a balazos en la Independencia
"
25.80792109,-100.6387987,0.6,Hallazgos,Abandonan cuerpo de mujer frente a las vías del tren en García
25.95069589,-100.2953042,0.6,Hallazgos,Encuentran cuerpo de hombre en Salinas Victoria
25.78202376,-100.5873667,1,Homicidios,"Ejecutan a hombre y hieren a otro en hechos distintos en García
"
25.62200267,-100.168441,1,Homicidios,"Asesina a un hombre a cuchilladas en Juárez
"
25.768707,-100.4235161,0.6,Otros,"Deja riña en bar a dos escoltas y un civil heridos
"
25.663276,-100.321116,1,Homicidios,"Ejecutan a balazos a mujer en la Colonia Independencia
"
25.60365803,-100.1815009,1,Homicidios,"Asesinan a propietario de taller en Juárez
"
25.79920046,-100.6049694,1,Homicidios,"Matan a balazos a conductor de camioneta
"
24.84915907,-99.56337655,0.6,Atentados,"Disparan contra casa en Linares
"
25.67895332,-100.3533617,0.6,Atentados Vs Negocios ,"Deja ataque a bar un muerto
"
25.70234216,-100.3258315,0.6,Hallazgos,"Hallan cuerpo en bodega abandonada
"
25.76081068,-100.3213154,1,Homicidios,Ejecutan a dueño de taquería
25.97774484,-100.4506235,1,Secuestro,"Rescatan a dos secuestrados
"
25.68295921,-100.2760091,0.6,Hallazgos,"Encuentran a hombre sin vida en plaza pública de Monterrey
"
25.655191,-100.2744585,0.6,Hallazgos,"Descubren restos humanos mutilados en el Río La Silla
"
25.79585232,-100.3834437,1,Homicidios,"Matan a balazos a sujeto en su casa
"
25.25537582,-99.92353846,0.8,Enfrentamientos vs autoridades,"Abaten policías de FC a 5 sicarios en Montemorelos
"
25.76283757,-100.1557837,1,Homicidios,"Muere niño de 3 años en ataque a balazos
"
24.43873675,-99.72400461,1,Homicidios,"Fallece en riña campal en Iturbide
"
25.81664377,-100.6141389,1,Homicidios,Ejecutan a un hombre dentro de su domicilio en García
25.68003004,-100.495036,1,Homicidios,"Ejecutan a conductor de vehículo en Santa Catarina
"
25.70738326,-100.2151268,0.6,Atentados,"Ataque fuera de restaurante deja un muerto y otro herido
"
25.96419979,-100.155503,0.8,Detenciones,"Cae con droga en Ciénega
"
25.71237034,-100.3039885,0.8,Detenciones,"Capturan a presunto secuestrador
"
25.772241,-100.2484105,1,Homicidios,"Ejecutan a joven arraigado en vivienda de Apodaca
"
25.84671943,-100.4059056,1,Homicidios,"Entran a casa y ejecutan a mujer en Escobedo
"
23.40415285,-100.1077512,0.6,Hallazgos,"Encuentran 4 cadáveres en noria
"
25.72605809,-100.3419342,1,Homicidios,"Maniatan y ejecutan a hombre
"
25.68008689,-100.0881102,0.6,Otros,"Amenazan con fusiles a policías
"
25.72371913,-100.2013418,0.8,Detenciones,"Caen tras robar caja fuerte
"
25.84633615,-100.3955115,1,Homicidios,"Ejecutan a dos hombres en Escobedo
"
25.20643379,-99.91660914,0.6,Hallazgos,"Encuentran cadáver encobijado en Montemorelos
"
25.67525605,-100.0782814,1,Homicidios,"Ejecutan a hombre en el municipio de Juárez
"
26.00406477,-100.5314495,0.6,Hallazgos,Matan a balazos a peatón en Guadalupe
25.78693683,-100.4006516,1,Homicidios,"Asesinan a conductor en La Alianza
"
25.66327824,-100.2243278,0.8,Detenciones,"Detienen a un hombre acusado de robar casas en Guadalupe
"
25.69205847,-100.3321661,0.8,Detenciones,"Policías protagonizan pelea con una familia durante el arresto de un joven en Monterrey
"
25.75886632,-100.392306,0.6,Atentados,"Deja ataque a balazos tres personas sin vida
"
25.69666266,-100.4602236,1,Homicidios,"Asesinan a hombre frente a su domicilio en Santa Catarina
"
24.86254853,-99.52682884,0.6,Atentados,"Dejan grave a hombre tras ataque
"
25.66406282,-100.1068008,0.8,Detenciones,"Desarticulan banda de robacoches
"
24.88571481,-99.55402697,0.6,Atentados,"Balean a dos hombres en el municipio de Linares
"
25.80366011,-100.3852418,0.6,Hallazgos,"Hallan cadáver de hombre
"
25.65145079,-100.3116829,0.6,Atentados,"Atacan a balazos a adolescente
"
25.70854854,-100.1455384,0.8,Detenciones,"Detienen a par de personas por robo y cobro de piso
"
25.67905204,-100.4200266,1,Homicidios,"Tiran en Santa a ejecutado
"
25.79062778,-100.2370672,1,Homicidios,"Ejecutan a hombre al bajar de su auto en Apodaca
"
25.64748228,-100.3587161,0.6,Hallazgos,"Indaga FGJ muerte de persona en SP
"
25.68087001,-100.2737633,0.6,Hallazgos,"Localizan cadáver en lecho del río SC
"
25.74885483,-100.2529662,1,Homicidios,"Matan a uno en SN
"
25.72263007,-100.2731665,1,Homicidios,"Ejecutan a hombre en punto de venta de droga
"
25.82426758,-100.3586515,0.6,Hallazgos,"Encuentran cráneo humano en Escobedo
"
25.78032813,-100.37963,0.6,Otros,"Dejan muñeco encintando con narcomensaje
"
25.66667145,-100.221355,0.6,Atentados,"Lesionan a mujer con arma de fuego
"
25.65908989,-100.1874082,0.8,Detenciones,Desarticulan banda de asaltantes
25.79497695,-100.5912819,0.8,Detenciones,Le notifican orden de aprehensión por homicidio
25.80276254,-100.6012841,1,Homicidios,Entran a su casa y lo ejecutan
25.98449469,-100.160646,1,Homicidios,Ejecutan a hombre en Ciénega de Flores
24.86273653,-99.58199066,1,Homicidios,Encuentran a joven ejecutado en Linares
25.70943756,-100.1009927,0.6,Hallazgos,Hallan cuerpo en estado de descomposición en Pesquería
25.68762221,-100.1171868,1,Homicidios,Muere bebé y su madre tras ser baleados en Juárez
25.66305838,-100.2204958,0.6,Hallazgos,Hallan a hombre muerto dentro de su casa en Guadalupe
25.72547868,-100.2711651,0.6,Hallazgos,Encuentran a hombre asesinado de 10 puñaladas
25.60712834,-100.1772817,0.6,Hallazgos,Dejan a ejecutado con narcomensaje
25.71177797,-100.1524687,0.6,Atentados,Aparece manta con amenazas en puerta de escuela
25.69950617,-100.1907716,0.6,Atentados,"
Ejecutan a familia dentro de su casa en Guadalupe
"
25.73853956,-100.2577348,0.6,Atentados,Asaltan a familia dentro de su casa
25.65969405,-100.3214493,1,Homicidios,Fallece tras ser atacado frente a funeraria en la Independencia
26.67040741,-99.97186427,0.8,Enfrentamientos vs autoridades,Matan a ministerial y hieren a otro más en Vallecillo
25.82111002,-100.6257709,0.6,Hallazgos,Hallan cadáver con impactos de bala en García
25.77160774,-100.4017403,1,Homicidios,Asesinan a comerciante dentro de su camioneta
26.65504718,-99.86573331,0.6,Hallazgos,Encuentran cuerpo en Vallecillo; estaría implicado en tiroteo
25.60085869,-100.0059458,0.6,Atentados,Indagan muerte de hombre en instalaciones de Policía de Cadereyta
25.82607193,-100.1136518,1,Homicidios,Ejecutan a hombre en Pesquería
25.76224396,-100.1664981,1,Homicidios,"
Deja ataque un muerto y un herido en Apodaca
"
25.65110074,-100.1059717,0.8,Detenciones,"
Cae con armas y drogas presunta líder criminal
"
25.89013608,-100.1168625,0.6,Hallazgos,Rescatan con vida a hombre secuestrado en Zuazua
25.85398414,-100.3889996,0.6,Hallazgos,"
Catean casa en Escobedo; hallan cadáver sepultado
"
25.76087858,-100.1663539,1,Homicidios,"Ejecutan a un hombre en Apodaca
"
25.32672971,-100.0103336,0.6,Atentados,"Atacan a balazos a ladrones
"
25.76127515,-100.274332,0.4,Comentarios autoridades,"Realizan cateo en busca de armas y drogas
"
25.62033862,-100.1534054,1,Homicidios,"Ejecutan a mujer desde auto en Juárez
"
24.84710573,-99.55294137,0.6,Atentados,"Atacan domicilio en Linares; hieren a niña de 7 años
"
25.29781524,-100.0305656,1,Homicidios,Asesinan a mujer a balazos en Allende
25.65725812,-100.2768343,0.6,Hallazgos,Hallan dos hieleras con restos humanos
25.73258925,-100.3496198,0.6,Hallazgos,Aseguran arsenal tras cateo
24.86054487,-99.55172492,0.6,Atentados,Queda grave tras disparo en la cabeza
25.61303744,-100.148048,1,Homicidios,"Deja ataque a tienda 1 muerto y otro 
más herido en Juárez"
24.85877662,-99.52695406,1,Homicidios,Ejecutan a hombre en Linares
25.66132198,-100.3317975,0.6,Atentados,"Atacan camioneta en Morones Prieto, hieren a uno"
27.24025652,-100.1339177,0.6,Otros,Caen con 660 mil dólares en efectivo
25.72266819,-100.269022,1,Homicidios,"Ejecutan a hombre en San Nicolás
"
25.65365401,-100.1513387,1,Homicidios,"Ejecutan a hombre en ataque armado
"
25.70840415,-100.2704707,0.8,Detenciones,"Pareja detenida por posesión de arma de fuego en San Nicolás
"
25.6951634,-100.5151186,0.8,Detenciones,"Detienen a presuntos secuestradores en SC
"
25.72134308,-100.272633,1,Homicidios,"Muere niña en ataque a balazos
"
25.68861388,-100.369548,1,Homicidios,"Ejecutan a hombre en su casa
"
25.69391808,-100.4246807,1,Homicidios,"Asesina a balazos a expareja de su mujer
"
25.62736709,-100.0817319,0.8,Detenciones,"Capturan a presunto extorsionador
"
25.74092224,-100.2815224,1,Homicidios,"Matan a balazos a mujer afuera de una carnicería
"
25.66367737,-100.1185239,0.6,Hallazgos,"Encuentran osamenta en Juárez
"
25.70074962,-100.3676856,0.6,Atentados,"Balean a hombre en la Colonia Cumbres
"
25.73619954,-100.341432,0.6,Atentados Vs Negocios ,"Asaltan a familia en su casa
"
25.17271849,-99.8365828,0.8,Enfrentamientos vs autoridades,Abaten a 4 secuestradores
25.67290656,-100.2154653,1,Homicidios,Encuentran a mujer sin vida con balazo en la cabeza en Guadalupe
25.80505367,-100.5417331,1,Homicidios,Ataque en domicilio deja un muerto y un menor herido en García
25.66472855,-100.1003904,0.6,Hallazgos,Hallan cadáver de un hombre en interior de casa en Juárez
25.67189926,-100.1857554,0.8,Enfrentamientos  entre criminales,Deja ataque armado un muerto y dos heridos
25.19866335,-99.80914053,0.8,Enfrentamientos vs autoridades,Caen dos tras persecución y balacera
25.8759454,-100.3244007,1,Homicidios,"Ejecutan a mujer frente a domicilio en El Carmen
"
25.78596711,-100.2489721,1,Homicidios,"Asesina hombre a su pareja a cuchilladas
"
25.75087762,-100.3533486,1,Homicidios,"Matan a balazos a un sujeto en Monterrey
"
25.79565862,-100.3813074,1,Homicidios,"Matan a hombre a balazos y hieren a otro más en Monterrey
"
25.80699006,-100.3902974,0.8,Enfrentamientos vs autoridades,"Mata policía a joven en riña
"
25.61923438,-100.0985282,0.6,Hallazgos,"Descubren restos humanos en Juárez
"
25.76583173,-100.2494296,0.8,Detenciones,"Detienen a generador de violencia
"
25.68494423,-100.239812,0.6,Atentados,Amenaza con arma de fuego a mujer
25.65732415,-100.1457056,0.6,Otros,"Duermen a familia para robarla
"
25.76154328,-100.462454,0.4,Comentarios autoridades,"Alarma ataque a balazos
"
25.8492164,-100.39894,1,Homicidios,"Deja ataque un muerto en anexo
"
25.64535206,-100.1622272,0.8,Enfrentamientos vs autoridades,"Cae de azotea tras ser baleado
"
25.87602382,-100.3240107,0.6,Hallazgos,"Hallan a hombre decapitado dentro de domicilio en El Carmen
"
25.18023096,-99.83284466,0.6,Hallazgos,"Localizan muerto a hombre secuestrado en Montemorelos
"
25.94829908,-100.1631962,0.8,Enfrentamientos vs autoridades,"Atacan patrulla de Ciénega de Flores
"
25.64150615,-100.138249,0.6,Hallazgos,"Encuentran a hombre sin vida en Juárez
"
25.71765811,-100.3490843,1,Homicidios,"Asesinan a mujer de la tercera edad a balazos en Monterrey
"
25.73788944,-100.3257475,1,Homicidios,"Ejecutan a mujer y hieren a su hija
"
24.72486889,-100.0391379,0.8,Enfrentamientos vs autoridades,"Abaten a 3 tras enfrentamiento en Galeana
"
25.29978328,-100.0272103,1,Homicidios,"Asesinan a discapacitado a domicilio
"
25.65726222,-100.3191712,0.8,Enfrentamientos vs autoridades,"Balean a policía de FC en la Independencia
"
25.69277447,-100.4207229,1,Homicidios,"Ejecutan a hombre mientras caminaba por la calle en Santa Catarina
"
24.86973479,-99.56345793,0.6,Atentados,"Intentan ejecutar a hombre en Linares
"
25.59220491,-100.2516968,0.8,Detenciones,"Capturan a generador de violencia en la Estanzuela
"
25.74841337,-100.3430142,1,Homicidios,Deja ataque a balazos 2 muertos
25.67054432,-100.7153043,1,Homicidios,Lo ejecutan cuando estacionaba su camioneta
25.73295387,-100.3573268,1,Homicidios,Le disparan a mujer embarazada en Monterrey
25.43964743,-100.1664603,0.8,Detenciones,Caen en Santiago integrantes de célula delictiva
25.66009995,-100.3164926,0.8,Detenciones,Detienen a 13 en la Indepe
25.81925658,-100.2552764,0.6,Atentados,Atacan a pareja en Apodaca
25.80805102,-100.3310242,1,Homicidios,"Matan a balazos a una anciana
"
25.7651937,-100.2689122,0.6,Atentados,"Lo hieren a balazos en San Nicolás
"
25.64717643,-100.3088136,0.8,Detenciones,"Caen tres mujeres con arma larga
"
25.96582174,-100.2953256,0.8,Detenciones,"Cae con billetes falsos en Salinas
"
25.76250572,-100.1666805,1,Homicidios,"Ejecutan a un hombre desde moto en Apodaca
"
25.64087496,-100.1935174,1,Homicidios,"Asesinan a hombre en Guadalupe
"
25.58987378,-100.0054673,0.8,Detenciones,"Caen 2 tras persecución en Cadereyta
"
25.77016323,-100.381451,0.8,Detenciones,"Aprehenden a 6 con dos armas largas
"
25.77792335,-100.3949922,0.6,Hallazgos,"Hallan a hombre sin vida frente a kínder en Monterrey
"
25.71669651,-100.3397069,0.8,Detenciones,"Detienen a miembro de una célula delictiva
"
25.74292531,-100.3016617,0.8,Detenciones,"Detienen en San Nicolás a pareja armada mientras discutía
"
25.70639257,-100.4642046,0.6,incidentes en industria,"Colapsa techo de empresa
"
27.24452989,-100.1328019,1,Homicidios,"Lo asesinan a golpes en su casa
"
25.56218462,-100.0638738,0.6,Hallazgos,"Hallan cadáver en brecha
"
25.92091455,-100.3529129,1,Homicidios,"Ejecutan a hombre en El Carmen
"
24.49618748,-100.2944876,1,Secuestro,"Asaltan y secuestran a ""paisano""
"
25.93903969,-100.3621483,1,Homicidios,"Decapitan a hombre en El Carmen
"
25.74884202,-100.2285147,0.6,Hallazgos,"Hallan cabeza humana en un arroyo en Apodaca
"
25.77501307,-100.4125861,1,Homicidios,"Ejecutan a hombre en Colonia La Alianza
"
25.67603258,-100.2474265,0.8,Detenciones,"Capturan a presuntos narcodistribuidores
"
